[{"model": "admin.logentry", "pk": 1, "fields": {"action_time": "2021-07-23T20:29:00.699", "user": 1, "content_type": 7, "object_id": "1", "object_repr": "В Кара-Куле 100 детей отправились в летний лагерь", "action_flag": 1, "change_message": "[{\"added\": {}}]"}}, {"model": "admin.logentry", "pk": 2, "fields": {"action_time": "2021-07-23T20:34:52.548", "user": 1, "content_type": 7, "object_id": "2", "object_repr": "В Кара-Куле столкнулись «Жигули» и «Мерседес»", "action_flag": 1, "change_message": "[{\"added\": {}}]"}}, {"model": "admin.logentry", "pk": 3, "fields": {"action_time": "2021-07-23T20:35:10.721", "user": 1, "content_type": 7, "object_id": "1", "object_repr": "В Кара-Куле 100 детей отправились в летний лагерь", "action_flag": 2, "change_message": "[{\"changed\": {\"fields\": [\"URL-\\u044f\\u0440\\u043b\\u044b\\u043a\"]}}]"}}, {"model": "admin.logentry", "pk": 4, "fields": {"action_time": "2021-07-23T21:32:55.751", "user": 1, "content_type": 7, "object_id": "5", "object_repr": "В Кара-Куле 100 детей отправились в летний лагерь", "action_flag": 1, "change_message": "[{\"added\": {}}]"}}, {"model": "admin.logentry", "pk": 5, "fields": {"action_time": "2021-07-23T21:33:33.923", "user": 1, "content_type": 7, "object_id": "6", "object_repr": "В Кара-Куле столкнулись «Жигули» и «Мерседес»", "action_flag": 1, "change_message": "[{\"added\": {}}]"}}, {"model": "admin.logentry", "pk": 6, "fields": {"action_time": "2021-07-23T21:34:02.506", "user": 1, "content_type": 7, "object_id": "7", "object_repr": "В городе Кара-Куль сгорело 200 тюков кормовых трав", "action_flag": 1, "change_message": "[{\"added\": {}}]"}}, {"model": "admin.logentry", "pk": 7, "fields": {"action_time": "2021-07-23T21:35:18.723", "user": 1, "content_type": 7, "object_id": "8", "object_repr": "В Кара-Куле на Курман айт забили порядка 40 голов скота", "action_flag": 1, "change_message": "[{\"added\": {}}]"}}, {"model": "admin.logentry", "pk": 8, "fields": {"action_time": "2021-07-23T21:36:22.139", "user": 1, "content_type": 7, "object_id": "5", "object_repr": "В Кара-Куле 100 детей отправились в летний лагерь", "action_flag": 2, "change_message": "[]"}}, {"model": "admin.logentry", "pk": 9, "fields": {"action_time": "2021-07-23T21:39:43.388", "user": 1, "content_type": 7, "object_id": "9", "object_repr": "В Кара-Куле определили победителей Кубка горкенеша по мини-футболу", "action_flag": 1, "change_message": "[{\"added\": {}}]"}}, {"model": "admin.logentry", "pk": 10, "fields": {"action_time": "2021-07-23T21:50:51.154", "user": 1, "content_type": 7, "object_id": "10", "object_repr": "В Кара-Куле проверили общественные места на предмет соблюдения саннорм", "action_flag": 1, "change_message": "[{\"added\": {}}]"}}, {"model": "admin.logentry", "pk": 11, "fields": {"action_time": "2021-07-24T03:54:10.199", "user": 1, "content_type": 7, "object_id": "10", "object_repr": "В Кара-Куле проверили общественные места на предмет соблюдения саннорм", "action_flag": 2, "change_message": "[{\"changed\": {\"fields\": [\"\\u0414\\u0430\\u0442\\u0430 \\u043f\\u0443\\u0431\\u043b\\u0438\\u043a\\u0430\\u0446\\u0438\\u0438\"]}}]"}}, {"model": "admin.logentry", "pk": 12, "fields": {"action_time": "2021-07-24T03:54:19.347", "user": 1, "content_type": 7, "object_id": "9", "object_repr": "В Кара-Куле определили победителей Кубка горкенеша по мини-футболу", "action_flag": 2, "change_message": "[{\"changed\": {\"fields\": [\"\\u0414\\u0430\\u0442\\u0430 \\u043f\\u0443\\u0431\\u043b\\u0438\\u043a\\u0430\\u0446\\u0438\\u0438\"]}}]"}}, {"model": "admin.logentry", "pk": 13, "fields": {"action_time": "2021-07-24T03:54:25.417", "user": 1, "content_type": 7, "object_id": "8", "object_repr": "В Кара-Куле на Курман айт забили порядка 40 голов скота", "action_flag": 2, "change_message": "[{\"changed\": {\"fields\": [\"\\u0414\\u0430\\u0442\\u0430 \\u043f\\u0443\\u0431\\u043b\\u0438\\u043a\\u0430\\u0446\\u0438\\u0438\"]}}]"}}, {"model": "admin.logentry", "pk": 14, "fields": {"action_time": "2021-07-24T03:54:31.399", "user": 1, "content_type": 7, "object_id": "7", "object_repr": "В городе Кара-Куль сгорело 200 тюков кормовых трав", "action_flag": 2, "change_message": "[{\"changed\": {\"fields\": [\"\\u0414\\u0430\\u0442\\u0430 \\u043f\\u0443\\u0431\\u043b\\u0438\\u043a\\u0430\\u0446\\u0438\\u0438\"]}}]"}}, {"model": "admin.logentry", "pk": 15, "fields": {"action_time": "2021-07-24T03:54:36.805", "user": 1, "content_type": 7, "object_id": "6", "object_repr": "В Кара-Куле столкнулись «Жигули» и «Мерседес»", "action_flag": 2, "change_message": "[{\"changed\": {\"fields\": [\"\\u0414\\u0430\\u0442\\u0430 \\u043f\\u0443\\u0431\\u043b\\u0438\\u043a\\u0430\\u0446\\u0438\\u0438\"]}}]"}}, {"model": "admin.logentry", "pk": 16, "fields": {"action_time": "2021-07-24T03:54:43.834", "user": 1, "content_type": 7, "object_id": "5", "object_repr": "В Кара-Куле 100 детей отправились в летний лагерь", "action_flag": 2, "change_message": "[{\"changed\": {\"fields\": [\"\\u0414\\u0430\\u0442\\u0430 \\u043f\\u0443\\u0431\\u043b\\u0438\\u043a\\u0430\\u0446\\u0438\\u0438\"]}}]"}}, {"model": "admin.logentry", "pk": 17, "fields": {"action_time": "2021-07-25T14:55:05.014", "user": 1, "content_type": 7, "object_id": "11", "object_repr": "Олимпиада-2020, медальный зачет: Китай лидирует в медальном зачете, Россия с тремя наградами – 5-я", "action_flag": 1, "change_message": "[{\"added\": {}}]"}}, {"model": "admin.logentry", "pk": 18, "fields": {"action_time": "2021-07-25T15:07:57.796", "user": 1, "content_type": 7, "object_id": "5", "object_repr": "В Кара-Куле 100 детей отправились в летний лагерь", "action_flag": 2, "change_message": "[{\"changed\": {\"fields\": [\"\\u0422\\u0435\\u0433\"]}}]"}}, {"model": "admin.logentry", "pk": 19, "fields": {"action_time": "2021-07-25T15:08:07.501", "user": 1, "content_type": 7, "object_id": "10", "object_repr": "В Кара-Куле проверили общественные места на предмет соблюдения саннорм", "action_flag": 2, "change_message": "[{\"changed\": {\"fields\": [\"\\u0422\\u0435\\u0433\"]}}]"}}, {"model": "admin.logentry", "pk": 20, "fields": {"action_time": "2021-07-25T15:08:18.762", "user": 1, "content_type": 7, "object_id": "8", "object_repr": "В Кара-Куле на Курман айт забили порядка 40 голов скота", "action_flag": 2, "change_message": "[{\"changed\": {\"fields\": [\"\\u0422\\u0435\\u0433\"]}}]"}}, {"model": "admin.logentry", "pk": 21, "fields": {"action_time": "2021-07-25T15:08:29.362", "user": 1, "content_type": 7, "object_id": "7", "object_repr": "В городе Кара-Куль сгорело 200 тюков кормовых трав", "action_flag": 2, "change_message": "[{\"changed\": {\"fields\": [\"\\u0422\\u0435\\u0433\"]}}]"}}, {"model": "admin.logentry", "pk": 22, "fields": {"action_time": "2021-07-25T15:08:50.894", "user": 1, "content_type": 7, "object_id": "10", "object_repr": "В Кара-Куле проверили общественные места на предмет соблюдения саннорм", "action_flag": 2, "change_message": "[]"}}, {"model": "admin.logentry", "pk": 23, "fields": {"action_time": "2021-07-25T15:08:56.013", "user": 1, "content_type": 7, "object_id": "9", "object_repr": "В Кара-Куле определили победителей Кубка горкенеша по мини-футболу", "action_flag": 2, "change_message": "[{\"changed\": {\"fields\": [\"\\u0422\\u0435\\u0433\"]}}]"}}, {"model": "admin.logentry", "pk": 24, "fields": {"action_time": "2021-07-25T15:09:04.147", "user": 1, "content_type": 7, "object_id": "6", "object_repr": "В Кара-Куле столкнулись «Жигули» и «Мерседес»", "action_flag": 2, "change_message": "[{\"changed\": {\"fields\": [\"\\u0422\\u0435\\u0433\"]}}]"}}, {"model": "admin.logentry", "pk": 25, "fields": {"action_time": "2021-07-25T15:14:20.790", "user": 1, "content_type": 9, "object_id": "1", "object_repr": "Олимпиада", "action_flag": 2, "change_message": "[{\"changed\": {\"fields\": [\"Slug\"]}}]"}}, {"model": "admin.logentry", "pk": 26, "fields": {"action_time": "2021-07-25T15:17:52.546", "user": 1, "content_type": 7, "object_id": "12", "object_repr": "Полиция Японии задержала мужчину, который разбрасывал антиолимпийские листовки перед открытием Игр-2020", "action_flag": 1, "change_message": "[{\"added\": {}}]"}}, {"model": "admin.logentry", "pk": 27, "fields": {"action_time": "2021-07-25T15:20:23.013", "user": 1, "content_type": 7, "object_id": "13", "object_repr": "Олимпиада-2020. Масленников занял 8-е место в стрельбе из пневматической винтовки с 10 м, победил американец Шанер", "action_flag": 1, "change_message": "[{\"added\": {}}]"}}, {"model": "admin.logentry", "pk": 28, "fields": {"action_time": "2021-07-25T15:21:19.208", "user": 1, "content_type": 9, "object_id": "11", "object_repr": "Стрельба", "action_flag": 2, "change_message": "[{\"changed\": {\"fields\": [\"Slug\"]}}]"}}, {"model": "admin.logentry", "pk": 29, "fields": {"action_time": "2021-07-25T15:22:01.660", "user": 1, "content_type": 7, "object_id": "14", "object_repr": "Депутат Лебедев о золоте Бацарашкиной: «Ничего приятного в этой медали не вижу. На открытие Олимпиады мы вышли с белым флагом – это позор»", "action_flag": 1, "change_message": "[{\"added\": {}}]"}}, {"model": "admin.logentry", "pk": 30, "fields": {"action_time": "2021-07-25T15:36:43.607", "user": 1, "content_type": 9, "object_id": "12", "object_repr": "ГосДума", "action_flag": 3, "change_message": ""}}, {"model": "admin.logentry", "pk": 31, "fields": {"action_time": "2021-07-25T15:37:57.070", "user": 1, "content_type": 7, "object_id": "15", "object_repr": "Джанлуиджи Буффон: «Впереди ЧМ-2022. Я мечтаю, но Манчини вряд ли меня вызовет»", "action_flag": 1, "change_message": "[{\"added\": {}}]"}}, {"model": "admin.logentry", "pk": 32, "fields": {"action_time": "2021-07-25T15:39:05.416", "user": 1, "content_type": 7, "object_id": "16", "object_repr": "Витория о голе «Рубина»: «Подвел неточный пас. У «Спартака» мало таких ошибок, но эта стала роковой»", "action_flag": 1, "change_message": "[{\"added\": {}}]"}}, {"model": "admin.logentry", "pk": 33, "fields": {"action_time": "2021-07-25T15:43:13.128", "user": 1, "content_type": 7, "object_id": "14", "object_repr": "Депутат Лебедев о золоте Бацарашкиной: «Ничего приятного в этой медали не вижу. На открытие Олимпиады мы вышли с белым флагом – это позор»", "action_flag": 2, "change_message": "[{\"changed\": {\"fields\": [\"\\u0421\\u0442\\u0430\\u0442\\u0443\\u0441\", \"\\u0422\\u0435\\u0433\"]}}]"}}, {"model": "admin.logentry", "pk": 34, "fields": {"action_time": "2021-07-25T15:43:48.558", "user": 1, "content_type": 7, "object_id": "15", "object_repr": "Джанлуиджи Буффон: «Впереди ЧМ-2022. Я мечтаю, но Манчини вряд ли меня вызовет»", "action_flag": 2, "change_message": "[]"}}, {"model": "admin.logentry", "pk": 35, "fields": {"action_time": "2021-07-25T15:44:01.081", "user": 1, "content_type": 7, "object_id": "15", "object_repr": "Джанлуиджи Буффон: «Впереди ЧМ-2022. Я мечтаю, но Манчини вряд ли меня вызовет»", "action_flag": 2, "change_message": "[{\"changed\": {\"fields\": [\"\\u0422\\u0435\\u0433\"]}}]"}}, {"model": "admin.logentry", "pk": 36, "fields": {"action_time": "2021-07-25T15:44:10.344", "user": 1, "content_type": 9, "object_id": "13", "object_repr": "Италия", "action_flag": 3, "change_message": ""}}, {"model": "admin.logentry", "pk": 37, "fields": {"action_time": "2021-07-25T18:46:59.789", "user": 1, "content_type": 7, "object_id": "17", "object_repr": "Почему в Кыргызстане хотят выбирать парламент по смешанной системе?", "action_flag": 1, "change_message": "[{\"added\": {}}]"}}, {"model": "admin.logentry", "pk": 38, "fields": {"action_time": "2021-07-29T23:14:52.820", "user": 1, "content_type": 7, "object_id": "18", "object_repr": "This is a post formatted with markdown", "action_flag": 1, "change_message": "[{\"added\": {}}]"}}, {"model": "admin.logentry", "pk": 39, "fields": {"action_time": "2021-07-29T23:18:38.680", "user": 1, "content_type": 7, "object_id": "18", "object_repr": "This is a post formatted with markdown", "action_flag": 2, "change_message": "[]"}}, {"model": "admin.logentry", "pk": 40, "fields": {"action_time": "2021-07-30T00:07:35.407", "user": 1, "content_type": 11, "object_id": "1", "object_repr": "localhost:8000", "action_flag": 2, "change_message": "[{\"changed\": {\"fields\": [\"Domain name\", \"Display name\"]}}]"}}, {"model": "auth.permission", "pk": 1, "fields": {"name": "Can add log entry", "content_type": 1, "codename": "add_logentry"}}, {"model": "auth.permission", "pk": 2, "fields": {"name": "Can change log entry", "content_type": 1, "codename": "change_logentry"}}, {"model": "auth.permission", "pk": 3, "fields": {"name": "Can delete log entry", "content_type": 1, "codename": "delete_logentry"}}, {"model": "auth.permission", "pk": 4, "fields": {"name": "Can view log entry", "content_type": 1, "codename": "view_logentry"}}, {"model": "auth.permission", "pk": 5, "fields": {"name": "Can add permission", "content_type": 2, "codename": "add_permission"}}, {"model": "auth.permission", "pk": 6, "fields": {"name": "Can change permission", "content_type": 2, "codename": "change_permission"}}, {"model": "auth.permission", "pk": 7, "fields": {"name": "Can delete permission", "content_type": 2, "codename": "delete_permission"}}, {"model": "auth.permission", "pk": 8, "fields": {"name": "Can view permission", "content_type": 2, "codename": "view_permission"}}, {"model": "auth.permission", "pk": 9, "fields": {"name": "Can add group", "content_type": 3, "codename": "add_group"}}, {"model": "auth.permission", "pk": 10, "fields": {"name": "Can change group", "content_type": 3, "codename": "change_group"}}, {"model": "auth.permission", "pk": 11, "fields": {"name": "Can delete group", "content_type": 3, "codename": "delete_group"}}, {"model": "auth.permission", "pk": 12, "fields": {"name": "Can view group", "content_type": 3, "codename": "view_group"}}, {"model": "auth.permission", "pk": 13, "fields": {"name": "Can add user", "content_type": 4, "codename": "add_user"}}, {"model": "auth.permission", "pk": 14, "fields": {"name": "Can change user", "content_type": 4, "codename": "change_user"}}, {"model": "auth.permission", "pk": 15, "fields": {"name": "Can delete user", "content_type": 4, "codename": "delete_user"}}, {"model": "auth.permission", "pk": 16, "fields": {"name": "Can view user", "content_type": 4, "codename": "view_user"}}, {"model": "auth.permission", "pk": 17, "fields": {"name": "Can add content type", "content_type": 5, "codename": "add_contenttype"}}, {"model": "auth.permission", "pk": 18, "fields": {"name": "Can change content type", "content_type": 5, "codename": "change_contenttype"}}, {"model": "auth.permission", "pk": 19, "fields": {"name": "Can delete content type", "content_type": 5, "codename": "delete_contenttype"}}, {"model": "auth.permission", "pk": 20, "fields": {"name": "Can view content type", "content_type": 5, "codename": "view_contenttype"}}, {"model": "auth.permission", "pk": 21, "fields": {"name": "Can add session", "content_type": 6, "codename": "add_session"}}, {"model": "auth.permission", "pk": 22, "fields": {"name": "Can change session", "content_type": 6, "codename": "change_session"}}, {"model": "auth.permission", "pk": 23, "fields": {"name": "Can delete session", "content_type": 6, "codename": "delete_session"}}, {"model": "auth.permission", "pk": 24, "fields": {"name": "Can view session", "content_type": 6, "codename": "view_session"}}, {"model": "auth.permission", "pk": 25, "fields": {"name": "Can add Пост", "content_type": 7, "codename": "add_post"}}, {"model": "auth.permission", "pk": 26, "fields": {"name": "Can change Пост", "content_type": 7, "codename": "change_post"}}, {"model": "auth.permission", "pk": 27, "fields": {"name": "Can delete Пост", "content_type": 7, "codename": "delete_post"}}, {"model": "auth.permission", "pk": 28, "fields": {"name": "Can view Пост", "content_type": 7, "codename": "view_post"}}, {"model": "auth.permission", "pk": 29, "fields": {"name": "Can add Комментарий", "content_type": 8, "codename": "add_comment"}}, {"model": "auth.permission", "pk": 30, "fields": {"name": "Can change Комментарий", "content_type": 8, "codename": "change_comment"}}, {"model": "auth.permission", "pk": 31, "fields": {"name": "Can delete Комментарий", "content_type": 8, "codename": "delete_comment"}}, {"model": "auth.permission", "pk": 32, "fields": {"name": "Can view Комментарий", "content_type": 8, "codename": "view_comment"}}, {"model": "auth.permission", "pk": 33, "fields": {"name": "Can add tag", "content_type": 9, "codename": "add_tag"}}, {"model": "auth.permission", "pk": 34, "fields": {"name": "Can change tag", "content_type": 9, "codename": "change_tag"}}, {"model": "auth.permission", "pk": 35, "fields": {"name": "Can delete tag", "content_type": 9, "codename": "delete_tag"}}, {"model": "auth.permission", "pk": 36, "fields": {"name": "Can view tag", "content_type": 9, "codename": "view_tag"}}, {"model": "auth.permission", "pk": 37, "fields": {"name": "Can add tagged item", "content_type": 10, "codename": "add_taggeditem"}}, {"model": "auth.permission", "pk": 38, "fields": {"name": "Can change tagged item", "content_type": 10, "codename": "change_taggeditem"}}, {"model": "auth.permission", "pk": 39, "fields": {"name": "Can delete tagged item", "content_type": 10, "codename": "delete_taggeditem"}}, {"model": "auth.permission", "pk": 40, "fields": {"name": "Can view tagged item", "content_type": 10, "codename": "view_taggeditem"}}, {"model": "auth.permission", "pk": 41, "fields": {"name": "Can add site", "content_type": 11, "codename": "add_site"}}, {"model": "auth.permission", "pk": 42, "fields": {"name": "Can change site", "content_type": 11, "codename": "change_site"}}, {"model": "auth.permission", "pk": 43, "fields": {"name": "Can delete site", "content_type": 11, "codename": "delete_site"}}, {"model": "auth.permission", "pk": 44, "fields": {"name": "Can view site", "content_type": 11, "codename": "view_site"}}, {"model": "auth.user", "pk": 1, "fields": {"password": "pbkdf2_sha256$260000$UJAc3vwftH9DpAjGlntUig$ofOL0H9OUuhxAlOwlZeYi9UHqhh9WJ0MPvuqCmMk/3U=", "last_login": "2021-07-30T16:41:58.227", "is_superuser": true, "username": "nurs", "first_name": "", "last_name": "", "email": "", "is_staff": true, "is_active": true, "date_joined": "2021-07-23T20:06:31.757", "groups": [], "user_permissions": []}}, {"model": "contenttypes.contenttype", "pk": 1, "fields": {"app_label": "admin", "model": "logentry"}}, {"model": "contenttypes.contenttype", "pk": 2, "fields": {"app_label": "auth", "model": "permission"}}, {"model": "contenttypes.contenttype", "pk": 3, "fields": {"app_label": "auth", "model": "group"}}, {"model": "contenttypes.contenttype", "pk": 4, "fields": {"app_label": "auth", "model": "user"}}, {"model": "contenttypes.contenttype", "pk": 5, "fields": {"app_label": "contenttypes", "model": "contenttype"}}, {"model": "contenttypes.contenttype", "pk": 6, "fields": {"app_label": "sessions", "model": "session"}}, {"model": "contenttypes.contenttype", "pk": 7, "fields": {"app_label": "blog", "model": "post"}}, {"model": "contenttypes.contenttype", "pk": 8, "fields": {"app_label": "blog", "model": "comment"}}, {"model": "contenttypes.contenttype", "pk": 9, "fields": {"app_label": "taggit", "model": "tag"}}, {"model": "contenttypes.contenttype", "pk": 10, "fields": {"app_label": "taggit", "model": "taggeditem"}}, {"model": "contenttypes.contenttype", "pk": 11, "fields": {"app_label": "sites", "model": "site"}}, {"model": "sessions.session", "pk": "0aoni5ijtysmgz2azidpfdlxnf1wbzss", "fields": {"session_data": ".eJxVjDsOwjAQBe_iGlnxD9uU9DmDtetd4wBypDipEHeHSCmgfTPzXiLBtta0dV7SROIilDj9bgj5wW0HdId2m2We27pMKHdFHrTLcSZ-Xg_376BCr986ooYwZFUiZu-ismy0y9EGsrkwkHF6OBdtCQ1bBYGji6GgIgAPaLx4fwDsPzhm:1m9Pxm:-W2FP5gJ4vRVgLtLCAXT82OVnnaP5mmLhF6kEGHteak", "expire_date": "2021-08-13T16:41:58.232"}}, {"model": "sessions.session", "pk": "zq327tvlr70cus451xfcyuo1txss5l3l", "fields": {"session_data": ".eJxVjDsOwjAQBe_iGlnxD9uU9DmDtetd4wBypDipEHeHSCmgfTPzXiLBtta0dV7SROIilDj9bgj5wW0HdId2m2We27pMKHdFHrTLcSZ-Xg_376BCr986ooYwZFUiZu-ismy0y9EGsrkwkHF6OBdtCQ1bBYGji6GgIgAPaLx4fwDsPzhm:1m71Rq:sJ6bLU7o1XgTsrPfXvhn_OA85m0dHVeQK1EkmHIUZxQ", "expire_date": "2021-08-06T20:07:06.850"}}, {"model": "sites.site", "pk": 1, "fields": {"domain": "localhost:8000", "name": "localhost:8000"}}, {"model": "blog.post", "pk": 5, "fields": {"title": "В Кара-Куле 100 детей отправились в летний лагерь", "slug": "v-kara-kule-100-detej-otpravilis-v-letnij-lager", "author": 1, "body": "Дети из города Кара-Куль Жалал-Абадской области отправились в летний лагерь «Каинды». Об этом сообщила вице-мэр по социальным вопросам Гулмира Сатарова.\r\n\r\nПо ее данным, 40 детей из 100 отправленных – социально нуждающиеся. Они финансировались местным бюджетом. Остальные 60 были отправлены предприятиями и профсоюзными организациями города.\r\n\r\nКаждый поток отдыхает в этом лагере по 7 дней, всего 4 потока. Последние уедут оттуда 26 августа.\r\n\r\nТакже 26 сотрудников (вожатые, воспитатели, повара, медработники, дворники, физруки) будут обслуживать отдыхающих детей с соблюдением санитарных норм, указанных правительством. В связи с эпидситуацией на церемонии открытия лагеря в этом году было запрещено участие родителей отдыхающих детей.", "publish": "2021-07-24T03:54:42", "created": "2021-07-23T21:32:55.750", "updated": "2021-07-25T15:07:57.785", "status": "published"}}, {"model": "blog.post", "pk": 6, "fields": {"title": "В Кара-Куле столкнулись «Жигули» и «Мерседес»", "slug": "v-kara-kule-stolknulis-zhiguli-i-mersedes", "author": 1, "body": "На автодороге Бишкек–Ош столкнулись две машины.\r\n\r\nАвария произошла 18 июля примерно в 11:00 на 382 км трассы на территории города Кара-Куль Жалал-Абадской области.\r\n\r\nЖитель города Б.А., 2004 года рождения, на машине «Жигули» ехал в сторону Бишкека и столкнулся с «Мерседес-Бенц», которым управлял А.Т..\r\n\r\nВ результате ДТП водитель «Мерседеса» получил травмы и обратился в городскую больницу.", "publish": "2021-07-24T03:54:35", "created": "2021-07-23T21:33:33.923", "updated": "2021-07-25T15:09:04.137", "status": "published"}}, {"model": "blog.post", "pk": 7, "fields": {"title": "В городе Кара-Куль сгорело 200 тюков кормовых трав", "slug": "v-gorode-kara-kul-sgorelo-200-tyukov-kormovyh-trav", "author": 1, "body": "В Жалал-Абадской области за минувшие сутки произошел один пожар, сообщает пресс-служба МЧС КР.\r\n\r\nПо ее данным, в городе Кара-Куль по улице Ак-Кыя-2 во дворе дома сгорело 200 тюков кормовых трав.\r\n\r\nПричина возгорания уточняется.", "publish": "2021-07-24T03:54:30", "created": "2021-07-23T21:34:02.505", "updated": "2021-07-25T15:08:29.352", "status": "published"}}, {"model": "blog.post", "pk": 8, "fields": {"title": "В Кара-Куле на Курман айт забили порядка 40 голов скота", "slug": "v-kara-kule-na-kurman-ajt-zabili-poryadka-40-golov-skota", "author": 1, "body": "В городе Кара-Куль Жалал-Абадской области в честь Курман айта нуждающимся семьям раздали мясо. Об этом рассказал основатель благотворительного фонда «Мурок» Мэлис Чилетиров.\r\n\r\n20 июля в городе забили 18 овец, двух коров. Мясо этих жертвенных животных было роздано 50 семьям, сиротам и вдовам из уязвимых слоев населения города.\r\n\r\nБаш имам города Бектен ажы Керезбаев рассказал, что людям, которые жертвуют в священный день будет предназначена награда за богоугодное дело. В этом году орозо фитир (благотворительность) собрано было 74 тыс. сомов. 60% из них были распределены по 42 семьям.\r\n\r\nВчера в городе примерно 40 овец и коз были принесены в жертву и переданы на благотворительность.", "publish": "2021-07-24T03:54:24", "created": "2021-07-23T21:35:18.723", "updated": "2021-07-25T15:08:18.753", "status": "published"}}, {"model": "blog.post", "pk": 9, "fields": {"title": "В Кара-Куле определили победителей Кубка горкенеша по мини-футболу", "slug": "v-kara-kule-opredelili-pobeditelej-kubka-gorkenesha-po-mini-futbolu", "author": 1, "body": "В городе Кара-Куль определены победители Кубка городского кенеша.\r\n\r\n20 июля участники города и из сел Озгоруш, Сарыгата состязались по таким играм, как футбол, перетягивание каната, армрестлинг, алыш курош, поднятие гири.\r\n\r\nОбщий призовой фонд составил 100 тыс. сомов.\r\n\r\nПризеров Кубком, медалями и дипломами наградил председатель горкенеша Эмил Ашыралиев и депутаты.\r\n\r\nПобедители по мини-футболу:\r\n\r\n1 место – команда села Озгоруш;\r\n2 место – команда участников, 1997 года рождения;\r\n3 место – команда «Ардагерлер».\r\n\r\nПо перетягиванию каната:\r\n\r\n1 место – «Ардагерлер»;\r\n2 место – команда игроков, 1977 года рождения;\r\n3 место – игроки, 1990 года рождения.\r\n\r\nВсего было присуждено 9 номинаций: Лучший нападающий, лучший вратарь, лучший игрок, лучший молодой игрок, лучший ветеран, лучший технический игрок, лучший фанат.\r\n\r\nПо армрестлингу:\r\n\r\n1 место – Бекишев Азамат;\r\n2 место – Бекмуратов Баялы;\r\n3 место – Батыркулов Жылдызбек.\r\n\r\nПо поднятию гири:\r\n\r\n1 место – Турдубаев Асан;\r\n2 место – Калпаев Чынгыз;\r\n3 место – Батыркулов Жылдызбек.", "publish": "2021-07-24T03:54:17", "created": "2021-07-23T21:39:43.386", "updated": "2021-07-25T15:08:56.006", "status": "published"}}, {"model": "blog.post", "pk": 10, "fields": {"title": "В Кара-Куле проверили общественные места на предмет соблюдения саннорм", "slug": "v-kara-kule-proverili-obshestvennye-mesta-na-predmet-soblyudeniya-sannorm", "author": 1, "body": "В городе Кара-Куль Жалал-Абадской области проводят рейд по профилактике коронавируса. Об этом сообщила пресс-служба УВД области.\r\n\r\nВ рейде участвовали начальник Кара-Кульского ГОВД, полковник милиции Эрнист Молдокеев, сотрудники мэрии, центра санэпиднадзора и городской больницы, контролируя на предмет соблюдения санитарных норм.\r\n\r\nВ его рамках были проверены кафе, столовые, торговые точки, общественный транспорт, личный автотранспорт.\r\n\r\nВ ходе рейда были выданы предупреждения владельцам заведений общественного питания, не соблюдавшим соответствующие требования. Также была проведена разъяснительная работа в центральной мечети города.\r\n\r\nСотрудники милиции призвали граждан в мечети носить маски, соблюдать дистанцию и правила личной гигиены.", "publish": "2021-07-24T03:54:07", "created": "2021-07-23T21:50:51.153", "updated": "2021-07-25T15:08:50.889", "status": "published"}}, {"model": "blog.post", "pk": 11, "fields": {"title": "Олимпиада-2020, медальный зачет: Китай лидирует в медальном зачете, Россия с тремя наградами – 5-я", "slug": "olimpiada-2020-medalnyj-zachet-kitaj-lidiruet-v-medalnom-zachete-rossiya-s-tremya-nagradami-5-ya", "author": 1, "body": "Китай лидирует в медальном зачете летних Олимпийских игр в Токио. Россия с четырьмя медалями идет на 5-м месте.\r\n\r\nОлимпийские игры-2020\r\n\r\nТокио, Япония\r\n\r\nМедальный зачет (золото – серебро – бронза – всего)\r\n\r\n1. Китай – 4-1-3 (8)\r\n\r\n2. Япония – 3-1-0 (4)\r\n\r\n3. США – 2-2-4 (8)\r\n\r\n4. Корея – 2-0-2 (4)\r\n\r\n5. Россия – 1-2-1 (4)\r\n\r\n6-7. Австралия – 1-1-1 (3)\r\n\r\n6-7. Италия – 1-1-1 (3)\r\n\r\n8. Тунис – 1-1-0 (2)\r\n\r\n9-13. Австрия – 1-0-0 (1)\r\n\r\n9-13. Эквадор – 1-0-0 (1)\r\n\r\n9-13. Венгрия – 1-0-0 (1)\r\n\r\n9-13. Иран – 1-0-0 (1)\r\n\r\n9-13. Косово – 1-0-0 (1)\r\n\r\n9-13. Таиланд – 1-0-0 (1)\r\n\r\nМедальный зачет Игр: Китай – первый, у нас две медали, у США – ноль\r\n\r\nМедали сборной России\r\n\r\n🥇Виталина Бацарашкина, стрельба из пневматического пистолета, 10 м\r\n\r\n🥈 Анастасия Галашина, стрельба из пневматической винтовки с 10 м\r\n\r\n🥉 Михаил Артамонов, тхэквондо в весовой категории до 58 кг", "publish": "2021-07-25T14:53:43", "created": "2021-07-25T14:55:05.001", "updated": "2021-07-25T14:55:05.001", "status": "published"}}, {"model": "blog.post", "pk": 12, "fields": {"title": "Полиция Японии задержала мужчину, который разбрасывал антиолимпийские листовки перед открытием Игр-2020", "slug": "policiya-yaponii-zaderzhala-muzhchinu-kotoryj-razbrasyval-antiolimpijskie-listovki-pered-otkrytiem-igr-2020", "author": 1, "body": "Полиция префектуры Нагоя задержала 59-летнего мужчину, который разбрасывал листовки с протестными лозунгами против Олимпийских игр в Токио. \r\n\r\nПо данным полиции, мужчина выбросил несколько десятков листовок из окна поезда метро на рельсы. Это случилось в пятницу за несколько часов до церемонии открытия Олимпиады. Инцидент не нарушил движение поездов.\r\n\r\nЗадержанный признался, что действительно разбрасывал листовки с критикой Игр. \r\n\r\nОлимпийские игры-2020 стартовали в Токио 23 июля. Их открытие сопровождалось акциями протеста против проведения Олимпиады в условиях роста заболеваемости COVID-19.", "publish": "2021-07-25T15:17:19", "created": "2021-07-25T15:17:52.540", "updated": "2021-07-25T15:17:52.540", "status": "published"}}, {"model": "blog.post", "pk": 13, "fields": {"title": "Олимпиада-2020. Масленников занял 8-е место в стрельбе из пневматической винтовки с 10 м, победил американец Шанер", "slug": "olimpiada-2020-maslennikov-zanyal-8-e-mesto-v-strelbe-iz-pnevmaticheskoj-vintovki-s-10-m-pobedil-amerikanec-shaner", "author": 1, "body": "Американец Уильям Шанер победил Олимпиаде-2020 в Токио в стрельбе из пневматической винтовки с 10 м.\r\n\r\nРоссиянин Владимир Масленников занял 8-е место в финале, Сергей Каменский стал десятым в квалификации.\r\n\r\nОлимпийские игры-2020\r\n\r\nТокио, Япония\r\n\r\nСтрельба\r\n\r\nМужчины\r\n\r\nПневматическая винтовка, 10 м\r\n\r\n1. Уильям Шанер (США) – 251,6 (олимпийский рекорд)\r\n\r\n2. Шэнь Лихао (Китай) – 250,9\r\n\r\n3. Ян Хаожань (Китай) – 229,4\r\n\r\n8. Владимир Масленников (Россия) – 123,0", "publish": "2021-07-25T15:18:25", "created": "2021-07-25T15:20:23.004", "updated": "2021-07-25T15:20:23.004", "status": "published"}}, {"model": "blog.post", "pk": 14, "fields": {"title": "Депутат Лебедев о золоте Бацарашкиной: «Ничего приятного в этой медали не вижу. На открытие Олимпиады мы вышли с белым флагом – это позор»", "slug": "deputat-lebedev-o-zolote-bacarashkinoj-nichego-priyatnogo-v-etoj-medali-ne-vizhu-na-otkrytie-olimpiady-my-vyshli-s-belym-flagom-eto-pozor", "author": 1, "body": "Депутат Госдумы РФ Игорь Лебедев высказался о золотой медали россиянки Виталины Бацарашкиной на Олимпийских играх-2020 в Токио.\r\n\r\nБацарашкина победила в стрельбе из пневматического пистолета с 10 м. Это первое золото сборной России на этой Олимпиаде. \r\n\r\n«Ничего приятного в этой золотой медали я не вижу. На открытие Олимпиады мы вышли с белым флагом, в непонятной форме, непонятным гимном. Что здесь приятного? Это же позор. Даже Украина прошла со своим флагом и формой.\r\n\r\nСпортсменку мы, конечно, поздравляем. Виталина – молодец, умница. Золото – это здорово. Но в целом ничего приятного в этой Олимпиаде нет, она не приносит никакого удовольствия.\r\n\r\nСейчас наши чиновники будут поздравлять спортсменку с медалью, но в этой медали нет ни грамма заслуги ни у одного чиновника. А вот заслуга, что мы без флага и гимна – есть.\r\n\r\nПоэтому вместо эйфории от первого золота нам надо наказать тех, кто довел наш спорт до такого состояния», – сказал Лебедев.", "publish": "2021-07-25T15:21:32", "created": "2021-07-25T15:22:01.653", "updated": "2021-07-25T15:43:13.120", "status": "published"}}, {"model": "blog.post", "pk": 15, "fields": {"title": "Джанлуиджи Буффон: «Впереди ЧМ-2022. Я мечтаю, но Манчини вряд ли меня вызовет»", "slug": "dzhanluidzhi-buffon-vperedi-chm-2022-ya-mechtayu-no-manchini-vryad-li-menya-vyzovet", "author": 1, "body": "Вратарь «Пармы» Джанлуиджи Буффон мечтает сыграть на чемпионате мира 2022 года в составе сборной Италии.\r\n\r\n«Манчини сделал что-то невероятное. Мне 43 года, так что я не имею права говорить: «Я здесь, вызывайте меня в сборную». Но благодаря чемпионату мира я могу мечтать.\r\n\r\nА зачем тогда играть? Чтобы вернуть «Парму» в Серию А? Конечно, а потом? Манчини почти наверняка меня не вызовет, он уже определил, какие игроки могут ему помочь. Но я должен знать, что впереди чемпионат мира, чтобы продолжать мечтать.\r\n\r\nЯ смотрел финал Евро-2020 дома с детьми. Огромная радость. Было очень приятно видеть ребят улыбающимися после тех слез, что они пролили после поражения от Швеции в отборе к чемпионату мира 2018 года. Я тоже плакал на «Сан Сиро», – сказал Буффон в интервью La Gazzetta dello Sport.", "publish": "2021-07-25T15:36:51", "created": "2021-07-25T15:37:57.063", "updated": "2021-07-25T15:44:01.067", "status": "published"}}, {"model": "blog.post", "pk": 16, "fields": {"title": "Витория о голе «Рубина»: «Подвел неточный пас. У «Спартака» мало таких ошибок, но эта стала роковой»", "slug": "vitoriya-o-gole-rubina-podvel-netochnyj-pas-u-spartaka-malo-takih-oshibok-no-eta-stala-rokovoj", "author": 1, "body": "Главный тренер «Спартака» Руй Витория поделился мыслями после поражения от «Рубина» (0:1) в 1-м туре РПЛ.\r\n\r\n«В эпизоде с голом подвела неточная передача. У нас было мало подобных ошибок, но эта стала роковой. Мы проводили атаку, команда была уверена, что она получит продолжение, поэтому рывок игрока противников застал нас врасплох.\r\n\r\nРезультат всегда важен. Но сейчас не стоит принимать поспешных решений. Нужно все проанализировать и продолжать работать, строить свою игру. Чемпионат только начинается. В целом мы показали довольно хороший футбол.\r\n\r\nХочу сказать отдельное спасибо болельщикам, которые потрясающе поддерживали нас с первой до последней минуты», – сказал Витория.", "publish": "2021-07-25T15:38:40", "created": "2021-07-25T15:39:05.397", "updated": "2021-07-25T15:39:05.397", "status": "published"}}, {"model": "blog.post", "pk": 17, "fields": {"title": "Почему в Кыргызстане хотят выбирать парламент по смешанной системе?", "slug": "pochemu-v-kyrgyzstane-hotyat-vybirat-parlament-po-smeshannoj-sisteme", "author": 1, "body": "В парламенте Кыргызстана в первом чтении поддержали законопроект президента Жапарова о парламентских выборах. Если закон будет принят, избирать депутатов будут по смешанной системе и она может начать применяться уже на выборах осенью 2021 года.\r\n\r\nСейчас депутатов в Жогорку Кенеш избирают по партийным спискам. Но год назад недовольные результатами выборов в парламент протестующие заставили власти отменить итоги последнего голосования. Поэтому систему решено было изменить и сделать смешанной: в парламенте следующего созыва к депутатам от партий добавятся победители голосования в одномандатных округах. Так депутатов в Кыргызстане тоже когда-то выбирали, 16 лет назад. И схему многие считали коррупционной, а недовольство выборами по одномандатной системе привело к \"тюльпановой революции\".\r\n\r\nВ ЦИК Кыргызстана уверены, что если смешать две плохо работавшие системы, получится одна, но намного лучше.\r\n\r\n\"Предлагается система из двух форматов: в ней мы учли минусы одномандатных округов и партийных списков, – объясняет глава ЦИК Кыргызстана Нуржан Шайлдабекова. – Основная цель – чтобы не было монополий партий, чтобы у независимых кандидатов тоже была возможность избираться\".\r\n\r\nУ части депутатов парламента другое мнение. Сайдулла Нышанов, который за свою 15-летнюю депутатскую карьеру на себе испытал все избирательные системы (он проходил в парламент и от округа, и по партийному списку), уверен, что смешанная система долго не проживет.\r\n\r\n\"Сегодня народ вообще не хочет избирать по партийным спискам, если мы честно к этому подойдем. Но с другой стороны, если мы хотим жить хорошо, хотим развиваться, чтоб у нас была демократия, то все равно к партийным спискам вернемся, – уверен политик. – Может, через пять лет, может через десять, но все равно мы к этому вернемся. Это неизбежно, потому что мир так идет\".", "publish": "2021-07-25T18:45:31", "created": "2021-07-25T18:46:59.785", "updated": "2021-07-25T18:46:59.785", "status": "published"}}, {"model": "blog.post", "pk": 18, "fields": {"title": "This is a post formatted with markdown", "slug": "this-is-a-post-formatted-with-markdown", "author": 1, "body": "*This is emphasized* and **this is more emphasized**.\r\nHere is a list:\r\n* One\r\n* Two\r\n* Three\r\nAnd a [link to the Django site](https://www.djangoproject.com/)", "publish": "2021-07-29T23:14:29", "created": "2021-07-29T23:14:52.807", "updated": "2021-07-29T23:18:38.677", "status": "published"}}, {"model": "blog.comment", "pk": 1, "fields": {"post": 5, "name": "Илья", "email": "ilya@gmail.com", "body": "Мдаа", "created": "2021-07-25T14:39:47.522", "updated": "2021-07-25T14:39:47.522", "active": true}}, {"model": "taggit.tag", "pk": 1, "fields": {"name": "Олимпиада", "slug": "_9"}}, {"model": "taggit.tag", "pk": 2, "fields": {"name": "Легкая атлетика", "slug": "_1"}}, {"model": "taggit.tag", "pk": 3, "fields": {"name": "Политика", "slug": "_2"}}, {"model": "taggit.tag", "pk": 4, "fields": {"name": "Кара-Куль", "slug": "_3"}}, {"model": "taggit.tag", "pk": 5, "fields": {"name": "УВД", "slug": "_4"}}, {"model": "taggit.tag", "pk": 6, "fields": {"name": "Курман-Айт", "slug": "_5"}}, {"model": "taggit.tag", "pk": 7, "fields": {"name": "Животноводство", "slug": "_6"}}, {"model": "taggit.tag", "pk": 8, "fields": {"name": "Спорт", "slug": "_7"}}, {"model": "taggit.tag", "pk": 9, "fields": {"name": "ДТП", "slug": "_8"}}, {"model": "taggit.tag", "pk": 10, "fields": {"name": "UFC/MMA", "slug": "ufcmma"}}, {"model": "taggit.tag", "pk": 11, "fields": {"name": "Стрельба", "slug": "_0"}}, {"model": "taggit.tag", "pk": 14, "fields": {"name": "Спартак", "slug": "_10"}}, {"model": "taggit.tag", "pk": 15, "fields": {"name": "РПЛ", "slug": "_11"}}, {"model": "taggit.tag", "pk": 16, "fields": {"name": "Россия", "slug": "_12"}}, {"model": "taggit.tag", "pk": 17, "fields": {"name": "Буффон", "slug": "_13"}}, {"model": "taggit.tag", "pk": 18, "fields": {"name": "Django", "slug": "django"}}, {"model": "taggit.taggeditem", "pk": 1, "fields": {"tag": 1, "content_type": 7, "object_id": 11}}, {"model": "taggit.taggeditem", "pk": 2, "fields": {"tag": 2, "content_type": 7, "object_id": 11}}, {"model": "taggit.taggeditem", "pk": 3, "fields": {"tag": 3, "content_type": 7, "object_id": 5}}, {"model": "taggit.taggeditem", "pk": 4, "fields": {"tag": 4, "content_type": 7, "object_id": 5}}, {"model": "taggit.taggeditem", "pk": 5, "fields": {"tag": 5, "content_type": 7, "object_id": 10}}, {"model": "taggit.taggeditem", "pk": 6, "fields": {"tag": 6, "content_type": 7, "object_id": 8}}, {"model": "taggit.taggeditem", "pk": 7, "fields": {"tag": 7, "content_type": 7, "object_id": 7}}, {"model": "taggit.taggeditem", "pk": 8, "fields": {"tag": 8, "content_type": 7, "object_id": 9}}, {"model": "taggit.taggeditem", "pk": 9, "fields": {"tag": 9, "content_type": 7, "object_id": 6}}, {"model": "taggit.taggeditem", "pk": 10, "fields": {"tag": 10, "content_type": 7, "object_id": 12}}, {"model": "taggit.taggeditem", "pk": 11, "fields": {"tag": 11, "content_type": 7, "object_id": 13}}, {"model": "taggit.taggeditem", "pk": 14, "fields": {"tag": 14, "content_type": 7, "object_id": 16}}, {"model": "taggit.taggeditem", "pk": 15, "fields": {"tag": 15, "content_type": 7, "object_id": 16}}, {"model": "taggit.taggeditem", "pk": 16, "fields": {"tag": 16, "content_type": 7, "object_id": 14}}, {"model": "taggit.taggeditem", "pk": 17, "fields": {"tag": 17, "content_type": 7, "object_id": 15}}, {"model": "taggit.taggeditem", "pk": 18, "fields": {"tag": 3, "content_type": 7, "object_id": 17}}, {"model": "taggit.taggeditem", "pk": 19, "fields": {"tag": 18, "content_type": 7, "object_id": 18}}]